region,founder,university,admission_type,college,department,quota,applicants,rate
세종,사립,고려대학교(세종),논술(일반전형),공공정책대학,빅데이터사이언스학부,9,1,0.11
충북,사립,극동대학교,정원 외 학생부교과 농어촌학생전형(정원 외),,"사회복지학부(사회복지, 재활상담치료, 안경광학, 상담복지)",9,1,0.11
서울,사립,동덕여자대학교,논술우수자전형,문화지식융합대학,앙트러프러너십전공,8,1,0.13
경기,사립,경희대학교(용인),국제캠퍼스 논술우수자전형,자연계열,식품생명공학과,6,1,0.17
경기,사립,서울장신대학교,학생부교과위주(농어촌 및 특수교육대상자) 특수교육대상자(정원외),,"자율전공학부(학과 선택 시 인원, 성적 제한 없음)",6,1,0.17
경기,사립,한신대학교,논술,인문,한국어문학,6,1,0.17
경기,사립,한신대학교,논술,인문,사회학,6,1,0.17
서울,사립,경희대학교(서울),국제캠퍼스 논술우수자전형,자연계열,식품생명공학과,6,1,0.17
서울,사립,성신여자대학교,논술우수자,,화학·에너지융합학부,6,1,0.17
경기,사립,강남대학교,[정원내]논술위주(논술전형),인문사회계,법행정세무학부(야),22,4,0.18
경기,사립,신한대학교(의정부/동두천),논술전형(약술형)(교과10%+논술90%),,첨단소재공학과,10,2,0.2
경기,사립,한신대학교,논술,자연,빅데이터융합학,10,2,0.2
충남,사립,백석대학교,정원외 모집 학생부 교과 농어촌학생 일반전형,,관광학부,10,2,0.2
서울,사립,성신여자대학교,논술우수자,,융합AI반도체공학과,5,1,0.2
서울,사립,성신여자대학교,논술우수자,,컴퓨터공학과,5,1,0.2
경기,사립,한신대학교,논술,인문,경제금융학,12,3,0.25
경기,사립,경희대학교(용인),국제캠퍼스 논술우수자전형,자연계열,융합바이오·신소재공학과,8,2,0.25
경기,사립,수원대학교,교과논술전형,혁신공과대학,도시부동산학과,8,2,0.25
서울,사립,경희대학교(서울),국제캠퍼스 논술우수자전형,자연계열,융합바이오·신소재공학과,8,2,0.25
세종,사립,고려대학교(세종),논술(일반전형),과학기술대학,신소재화학과,8,2,0.25
세종,사립,고려대학교(세종),논술(일반전형),글로벌비즈니스대학,표준·지식학과,8,2,0.25
경기,사립,한국외국어대학교(용인),논술전형,,산업경영공학과,4,1,0.25
서울,국립,서울과학기술대학교,기회균형전형(농어촌학생),조형대학,금속공예디자인학과,4,1,0.25
서울,사립,성신여자대학교,논술우수자,,바이오헬스융합학부,4,1,0.25
서울,사립,성신여자대학교,논술우수자,,바이오식품공학과,4,1,0.25
서울,사립,숙명여자대학교,[논술] 논술우수자전형,이과대학,통계학과,4,1,0.25
서울,사립,한국외국어대학교(서울),논술전형,,산업경영공학과,4,1,0.25
서울,사립,홍익대학교(서울),농어촌학생전형,공과대학,컴퓨터공학과,4,1,0.25
충남,사립,백석대학교,정원외 모집 학생부 교과 농어촌학생 일반전형,,관광학부 글로벌호텔비즈니스,4,1,0.25
경기,사립,강남대학교,[정원내]논술위주(논술전형),인문사회계,상경학부(야),27,7,0.26
경기,사립,한신대학교,논술,인문,국제관계학,7,2,0.29
경기,사립,한신대학교,논술,자연,금융공학,10,3,0.3
경기,사립,경희대학교(용인),국제캠퍼스 논술우수자전형,자연계열,전자공학부 반도체공학과,6,2,0.33
경기,사립,한신대학교,논술,인문,일본학,6,2,0.33
서울,사립,경희대학교(서울),국제캠퍼스 논술우수자전형,자연계열,전자공학부 반도체공학과,6,2,0.33
충남,사립,백석대학교,정원외 모집 학생부 교과 농어촌학생 일반전형,,어문학부,6,2,0.33
충북,사립,극동대학교,정원 외 학생부교과 농어촌학생전형(정원 외),,"항공운항학과(고정익, 회전익)",6,2,0.33
경기,사립,경희대학교(용인),서울캠퍼스 학생부종합[기회균형전형Ⅰ(국가보훈·농어촌·수급자·자립아동 등)],인문계열,경제학과,3,1,0.33
경기,사립,한신대학교,농어촌학생,휴먼서비스계열,심리·아동학,3,1,0.33
서울,사립,건국대학교(서울),논술(KU논술우수자),융합생명과학대학,식품융합학부,3,1,0.33
서울,사립,건국대학교(서울),논술(KU논술우수자),융합생명과학대학,환경생태과학부,3,1,0.33
서울,사립,건국대학교(서울),논술(KU논술우수자),융합생명과학대학,식량자원과학과,3,1,0.33
서울,사립,경희대학교(서울),서울캠퍼스 학생부종합[기회균형전형Ⅰ(국가보훈·농어촌·수급자·자립아동 등)],인문계열,경제학과,3,1,0.33
서울,사립,숙명여자대학교,[학생부종합] 농어촌학생전형(정원외),사회과학대학,홍보광고학과,3,1,0.33
서울,사립,숙명여자대학교,[학생부종합] 농어촌학생전형(정원외),이과대학,통계학과,3,1,0.33
충남,사립,유원대학교(아산),농어촌학생,,물리치료학과,3,1,0.33
충북,사립,유원대학교(영동),농어촌학생,,물리치료학과,3,1,0.33
경기,사립,신한대학교(의정부/동두천),논술전형(약술형)(교과10%+논술90%),,미래자동차공학과,10,4,0.4
경기,사립,신한대학교(의정부/동두천),논술전형(약술형)(교과10%+논술90%),,기계공학과,10,4,0.4
경기,사립,경희대학교(용인),국제캠퍼스 논술우수자전형,자연계열,소프트웨어융합학과,5,2,0.4
경기,사립,경희대학교(용인),국제캠퍼스 논술우수자전형,자연계열,응용화학과,5,2,0.4
경기,사립,수원대학교,농어촌학생전형,혁신공과대학,전기전자공학부,5,2,0.4
경기,사립,한국외국어대학교(용인),논술전형,,투어리즘 & 웰니스학부,5,2,0.4
경기,사립,한신대학교,논술,인문,재활상담학,5,2,0.4
서울,사립,경희대학교(서울),국제캠퍼스 논술우수자전형,자연계열,소프트웨어융합학과,5,2,0.4
서울,사립,경희대학교(서울),국제캠퍼스 논술우수자전형,자연계열,응용화학과,5,2,0.4
서울,사립,숙명여자대학교,[논술] 논술우수자전형,사회과학대학,행정학과,5,2,0.4
서울,사립,숙명여자대학교,[논술] 논술우수자전형,이과대학,화학과,5,2,0.4
서울,사립,한국외국어대학교(서울),논술전형,,투어리즘 & 웰니스학부,5,2,0.4
경기,사립,한신대학교,논술,인문,공공인재빅데이터융합학,7,3,0.43
서울,사립,이화여자대학교,논술(논술전형),신산업융합대학,융합보건학과,7,3,0.43
세종,사립,고려대학교(세종),논술(일반전형),과학기술대학,컴퓨터소프트웨어학과,13,6,0.46
세종,사립,고려대학교(세종),논술(일반전형),과학기술대학,지능형반도체공학과,13,6,0.46
경기,사립,수원대학교,교과논술전형,지능형SW융합대학,지능형보안학부,12,6,0.5
경기,사립,신한대학교(의정부/동두천),논술전형(약술형)(교과10%+논술90%),,기후환경·에너지공학과,10,5,0.5
세종,사립,고려대학교(세종),논술(일반전형),과학기술대학,인공지능사이버보안학과,10,5,0.5
세종,사립,고려대학교(세종),논술(일반전형),공공정책대학,공공사회·통일외교학부,10,5,0.5
세종,사립,홍익대학교(세종),논술전형,AID융합과학기술대학,AID융합과학기술대학자율전공,10,5,0.5
충남,사립,백석대학교,정원외 모집 학생부 교과 농어촌학생 일반전형,,AI컴퓨터공학부,10,5,0.5
경기,사립,한신대학교,논술,인문,동아시아통상학,8,4,0.5
서울,사립,성신여자대학교,논술우수자,,바이오신약의과학부,8,4,0.5
경기,사립,한신대학교,논술,인문,문예창작학,6,3,0.5
경기,사립,한신대학교,논술,인문,중국어문화콘텐츠학,6,3,0.5
서울,사립,숙명여자대학교,[논술] 논술우수자전형,공과대학,컴퓨터과학전공,6,3,0.5
충북,사립,극동대학교,정원 외 학생부교과 농어촌학생전형(정원 외),,항공운항서비스학과,6,3,0.5
경기,사립,경희대학교(용인),국제캠퍼스 논술우수자전형,자연계열,스마트팜과학과,4,2,0.5
경기,사립,단국대학교(죽전),[논술위주] 논술우수자 경쟁률 현황 (죽전),,고분자시스템공학부(고분자공학전공),4,2,0.5
경기,국립,한경국립대학교,학생부교과(농어촌학생)_정원외,,공과대학,4,2,0.5
서울,사립,건국대학교(서울),논술(KU논술우수자),경영대학,기술경영학과,4,2,0.5
서울,사립,경희대학교(서울),국제캠퍼스 논술우수자전형,자연계열,스마트팜과학과,4,2,0.5
서울,사립,동덕여자대학교,논술우수자전형,예술대학,큐레이터학전공,4,2,0.5
대전,사립,건양대학교(대전),농어촌학생전형,,물리치료학과,4,2,0.5
충남,사립,건양대학교(논산),농어촌학생전형,,물리치료학과,4,2,0.5
충남,사립,단국대학교(천안),[논술위주] 논술우수자 경쟁률 현황 (죽전),,고분자시스템공학부(고분자공학전공),4,2,0.5
경기,사립,가천대학교(성남),농어촌(교과) 전형,자연계열,바이오나노학과,2,1,0.5
경기,사립,가천대학교(성남),농어촌(종합) 전형,인문계열,응용통계학과,2,1,0.5
경기,사립,가천대학교(성남),농어촌(종합) 전형,자연계열,신소재공학과,2,1,0.5
경기,사립,강남대학교,[정원내]학생부교과(농어촌학생전형),인문사회계,교육학과,2,1,0.5
경기,사립,경희대학교(용인),서울캠퍼스 학생부종합[기회균형전형Ⅰ(국가보훈·농어촌·수급자·자립아동 등)],자연계열,지리학과(자연),2,1,0.5
경기,사립,경희대학교(용인),국제캠퍼스 학생부종합[기회균형전형Ⅰ(국가보훈·농어촌·수급자·자립아동 등)],인문계열,중국어학과,2,1,0.5
경기,사립,경희대학교(용인),국제캠퍼스 학생부종합[기회균형전형Ⅰ(국가보훈·농어촌·수급자·자립아동 등)],인문계열,한국어학과,2,1,0.5
경기,사립,경희대학교(용인),국제캠퍼스 학생부종합[기회균형전형Ⅰ(국가보훈·농어촌·수급자·자립아동 등)],예술계열,시각디자인학과,2,1,0.5
경기,사립,경희대학교(용인),국제캠퍼스 학생부종합[기회균형전형Ⅰ(국가보훈·농어촌·수급자·자립아동 등)],예술계열,의류디자인학과,2,1,0.5
경기,사립,단국대학교(죽전),[논술위주] 논술우수자 경쟁률 현황 (죽전),,AI건축융합학과,2,1,0.5
경기,사립,단국대학교(죽전),[학생부종합] 농어촌학생(정원외) 경쟁률 현황 (천안),,의생명과학부(생명과학전공),2,1,0.5
경기,사립,대진대학교,학생부교과(농어촌학생전형-정원외) - 교과100%,인문사회대학,공공인재법학과,2,1,0.5
경기,사립,대진대학교,학생부교과(농어촌학생전형-정원외) - 교과100%,인문사회대학,아동학과,2,1,0.5
경기,사립,대진대학교,학생부교과(농어촌학생전형-정원외) - 교과100%,AI공과대학,반도체융합공학과 [교직],2,1,0.5
경기,사립,대진대학교,학생부교과(농어촌학생전형-정원외) - 교과100%,AI공과대학,스마트융합보안학과,2,1,0.5
경기,사립,대진대학교,학생부교과(농어촌학생전형-정원외) - 교과100%,AI공과대학,AI빅데이터공학과,2,1,0.5
경기,사립,대진대학교,학생부교과(농어촌학생전형-정원외) - 교과100%,예술대학,산업디자인학과 [교직],2,1,0.5
경기,사립,명지대학교(용인),학생부종합(농어촌학생전형),,AI응용시스템전공,2,1,0.5
경기,사립,신한대학교(의정부/동두천),농어촌전형(교과100%),,유아교육과,2,1,0.5
경기,사립,안양대학교(안양),학생부교과(농어촌학생),,식품영양학과(교직),2,1,0.5
경기,사립,용인대학교,정원외 농어촌학생 특별전형,인문사회융합대학,관광경영학과,2,1,0.5
경기,국립,한경국립대학교,학생부교과(농어촌학생)_정원외,,인공지능학과,2,1,0.5
경기,사립,협성대학교,정원외 [학생부교과]농어촌학생,이공대학,컴퓨터공학과,2,1,0.5
서울,사립,경희대학교(서울),서울캠퍼스 학생부종합[기회균형전형Ⅰ(국가보훈·농어촌·수급자·자립아동 등)],자연계열,지리학과(자연),2,1,0.5
서울,사립,경희대학교(서울),국제캠퍼스 학생부종합[기회균형전형Ⅰ(국가보훈·농어촌·수급자·자립아동 등)],인문계열,중국어학과,2,1,0.5
서울,사립,경희대학교(서울),국제캠퍼스 학생부종합[기회균형전형Ⅰ(국가보훈·농어촌·수급자·자립아동 등)],인문계열,한국어학과,2,1,0.5
서울,사립,경희대학교(서울),국제캠퍼스 학생부종합[기회균형전형Ⅰ(국가보훈·농어촌·수급자·자립아동 등)],예술계열,시각디자인학과,2,1,0.5
서울,사립,경희대학교(서울),국제캠퍼스 학생부종합[기회균형전형Ⅰ(국가보훈·농어촌·수급자·자립아동 등)],예술계열,의류디자인학과,2,1,0.5
서울,사립,명지대학교(서울),학생부종합(농어촌학생전형),,AI응용시스템전공,2,1,0.5
서울,사립,삼육대학교,농어촌전형,,인공지능융합학부,2,1,0.5
서울,사립,삼육대학교,농어촌전형,,화학생명과학과,2,1,0.5
서울,사립,서울여자대학교,학생부종합(기회균형전형_농어촌학생)[정원외],과학기술융합대학,수학과,2,1,0.5
서울,사립,숙명여자대학교,[학생부종합] 농어촌학생전형(정원외),문과대학,일본학과,2,1,0.5
서울,사립,숙명여자대학교,[학생부종합] 농어촌학생전형(정원외),문과대학,문헌정보학과,2,1,0.5
서울,사립,숙명여자대학교,[학생부종합] 농어촌학생전형(정원외),생활과학대학,가족자원경영학과,2,1,0.5
서울,사립,숙명여자대학교,[학생부종합] 농어촌학생전형(정원외),사회과학대학,정치외교학과,2,1,0.5
서울,사립,숙명여자대학교,[학생부종합] 농어촌학생전형(정원외),사회과학대학,행정학과,2,1,0.5
서울,사립,숙명여자대학교,[학생부종합] 농어촌학생전형(정원외),이과대학,수학과,2,1,0.5
서울,사립,숙명여자대학교,[학생부종합] 농어촌학생전형(정원외),공과대학,인공지능공학부,2,1,0.5
대전,사립,건양대학교(대전),농어촌학생전형,,의료IT공학과,2,1,0.5
대전,사립,건양대학교(대전),농어촌학생전형,,임상의약바이오학과,2,1,0.5
대전,국립,충남대학교,농어촌학생전형,인문대학,국어국문학과,2,1,0.5
대전,국립,충남대학교,농어촌학생전형,인문대학,영어영문학과,2,1,0.5
대전,국립,충남대학교,농어촌학생전형,경상대학,무역학과,2,1,0.5
대전,국립,충남대학교,농어촌학생전형,자연과학대학,반도체융합학과,2,1,0.5
세종,사립,홍익대학교(세종),농어촌학생전형,AID융합과학기술대학,바이오화학융합공학과,2,1,0.5
충남,사립,건양대학교(논산),농어촌학생전형,,의료IT공학과,2,1,0.5
충남,사립,건양대학교(논산),농어촌학생전형,,임상의약바이오학과,2,1,0.5
충남,국립,국립공주대학교,학생부교과전형  농어촌학생전형(정원외),간호보건대학,의료정보학과,2,1,0.5
충남,사립,단국대학교(천안),[논술위주] 논술우수자 경쟁률 현황 (죽전),,AI건축융합학과,2,1,0.5
충남,사립,단국대학교(천안),[학생부종합] 농어촌학생(정원외) 경쟁률 현황 (천안),,의생명과학부(생명과학전공),2,1,0.5
충남,사립,백석대학교,정원외 모집 학생부 교과 농어촌학생 일반전형,,사범학부 특수교육과,2,1,0.5
충남,사립,백석대학교,정원외 모집 실기위주 (예·체능계열) 농어촌학생 실기전형,,사범학부 특수체육교육과,2,1,0.5
충남,사립,한국기술교육대학교,농어촌학생[정원외],,디자인공학과,2,1,0.5
충남,사립,한국기술교육대학교,농어촌학생[정원외],,화학생명공학전공,2,1,0.5
충남,사립,호서대학교,- 정원외 학생부교과 농어촌학생전형,,임상병리학과,2,1,0.5
충북,사립,우석대학교(진천),학생부교과_농어촌학생(정원외),사범대학,특수교육과(전주) [교직],2,1,0.5
충북,사립,우석대학교(진천),학생부교과_농어촌학생(정원외),사범대학,유아특수교육과(전주) [교직],2,1,0.5
충북,사립,우석대학교(진천),학생부교과_농어촌학생(정원외),사범대학,국어교육과(전주) [교직],2,1,0.5
충북,사립,우석대학교(진천),학생부교과_농어촌학생(정원외),휴먼테크 융합대학,소방방재학과(전주),2,1,0.5
충북,국립,충북대학교,학생부종합(농어촌학생전형),경영대학,국제경영학과,2,1,0.5
충북,국립,충북대학교,학생부종합(농어촌학생전형),경영대학,경영정보학과,2,1,0.5
충북,국립,충북대학교,학생부종합(농어촌학생전형),공과대학,도시공학과,2,1,0.5
충북,국립,충북대학교,학생부종합(농어촌학생전형),농업생명환경대학,환경생명화학과,2,1,0.5
경기,사립,강남대학교,[정원내]논술위주(논술전형),인문사회계,사회복지학부(야),11,6,0.55
서울,사립,동덕여자대학교,논술우수자전형,인문대학,유러피언스터디즈전공,11,6,0.55
서울,사립,숙명여자대학교,[논술] 논술우수자전형,생활과학대학,아동복지학부,9,5,0.56
서울,사립,성신여자대학교,논술우수자,,융합보안공학과,10,6,0.6
세종,사립,고려대학교(세종),논술(일반전형),과학기술대학,식품생명공학과,10,6,0.6
경기,사립,안양대학교(안양),학생부교과(농어촌학생),,AI학부,5,3,0.6
경기,사립,한신대학교,논술,인문,철학,5,3,0.6
대전,국립,국립한밭대학교,농어촌학생전형,,신소재공학과,5,3,0.6
세종,사립,홍익대학교(세종),농어촌학생전형,상경대학,상경학부,5,3,0.6
충남,사립,백석대학교,정원외 모집 학생부 교과 농어촌학생 일반전형,,보건학부 작업치료학과,5,3,0.6
경기,사립,경희대학교(용인),국제캠퍼스 논술우수자전형,자연계열,건축공학과,8,5,0.63
서울,사립,경희대학교(서울),국제캠퍼스 논술우수자전형,자연계열,건축공학과,8,5,0.63
세종,사립,고려대학교(세종),논술(일반전형),과학기술대학,자유전공학부(과학기술),11,7,0.64
경기,사립,경희대학교(용인),국제캠퍼스 논술우수자전형,자연계열,사회기반시스템공학과,9,6,0.67
서울,사립,경희대학교(서울),국제캠퍼스 논술우수자전형,자연계열,사회기반시스템공학과,9,6,0.67
세종,사립,홍익대학교(세종),논술전형,AID융합과학기술대학,나노반도체공학과,9,6,0.67
경기,사립,한신대학교,논술,인문,영미문화학,6,4,0.67
서울,사립,숙명여자대학교,[논술] 논술우수자전형,생활과학대학,식품영양학과,6,4,0.67
서울,사립,이화여자대학교,논술(논술전형),자연과학대학,물리학과,6,4,0.67
세종,사립,고려대학교(세종),논술(일반전형),과학기술대학,응용수리과학부,6,4,0.67
경기,사립,가천대학교(성남),농어촌(교과) 전형,자연계열,금융·빅데이터학부,3,2,0.67
경기,사립,가천대학교(성남),농어촌(교과) 전형,자연계열,컴퓨터공학과,3,2,0.67
경기,사립,가천대학교(성남),농어촌(교과) 전형,자연계열,바이오로직스학과,3,2,0.67
경기,사립,경희대학교(용인),서울캠퍼스 학생부종합[기회균형전형Ⅰ(국가보훈·농어촌·수급자·자립아동 등)],자연계열,미래정보디스플레이학부,3,2,0.67
경기,사립,대진대학교,학생부교과(농어촌학생전형-정원외) - 교과100%,인문사회대학,경영학과,3,2,0.67
경기,사립,대진대학교,학생부교과(농어촌학생전형-정원외) - 교과100%,보건과학대학,스포츠건강과학과,3,2,0.67
경기,사립,명지대학교(용인),학생부종합(농어촌학생전형),,국제통상학전공,3,2,0.67
경기,사립,수원대학교,농어촌학생전형,혁신공과대학,건설환경에너지공학부,3,2,0.67
경기,사립,수원대학교,농어촌학생전형,혁신공과대학,화학공학·신소재공학부,3,2,0.67
경기,사립,용인대학교,정원외 농어촌학생 특별전형,체육과학대학,스포츠레저학과,3,2,0.67
서울,사립,건국대학교(서울),논술(KU논술우수자),공과대학,인공지능학과,3,2,0.67
서울,사립,건국대학교(서울),논술(KU논술우수자),융합생명과학대학,동물자원과학과,3,2,0.67
서울,사립,경희대학교(서울),서울캠퍼스 학생부종합[기회균형전형Ⅰ(국가보훈·농어촌·수급자·자립아동 등)],자연계열,미래정보디스플레이학부,3,2,0.67
서울,사립,명지대학교(서울),학생부종합(농어촌학생전형),,국제통상학전공,3,2,0.67
서울,국립,서울과학기술대학교,기회균형전형(농어촌학생),에너지바이오대학,정밀화학과,3,2,0.67
서울,국립,서울과학기술대학교,기회균형전형(농어촌학생),에너지바이오대학,안경광학과,3,2,0.67
서울,국립,서울과학기술대학교,기회균형전형(농어촌학생),조형대학,도예학과,3,2,0.67
서울,사립,성신여자대학교,논술우수자,,독일어문·문화학과,3,2,0.67
서울,사립,숙명여자대학교,[논술] 논술우수자전형,공과대학,신소재물리학부,3,2,0.67
서울,사립,숙명여자대학교,[학생부종합] 농어촌학생전형(정원외),법과대학,법학부,3,2,0.67
서울,사립,숙명여자대학교,[학생부종합] 농어촌학생전형(정원외),영어영문학부,영어영문학전공,3,2,0.67
서울,사립,홍익대학교(서울),농어촌학생전형,공과대학,신소재·화공시스템공학부,3,2,0.67
충남,사립,백석대학교,정원외 모집 학생부 교과 농어촌학생 일반전형,,문화예술학부 글로벌뷰티아트,3,2,0.67
충남,사립,한국기술교육대학교,농어촌학생[정원외],,데이터경영전공,3,2,0.67
세종,사립,고려대학교(세종),논술(일반전형),문화스포츠대학,문화유산융합학부,7,5,0.71
세종,사립,고려대학교(세종),논술(일반전형),스마트도시학부,스마트도시학부,7,5,0.71
세종,사립,홍익대학교(세종),논술전형,AID융합과학기술대학,조선해양모빌리티공학과,7,5,0.71
서울,사립,동덕여자대학교,논술우수자전형,인문대학,중어중국학전공,11,8,0.73
서울,사립,동덕여자대학교,논술우수자전형,문화지식융합대학,글로벌MICE융합전공,11,8,0.73
경기,사립,한신대학교,논술,자연,AI·SW학 (소프트웨어/인공지능/데이터사이언스/XR콘텐츠/지능형IoT),50,37,0.74
서울,사립,동덕여자대학교,논술우수자전형,인문대학,문예창작전공,8,6,0.75
세종,사립,고려대학교(세종),논술(일반전형),공공정책대학,경제통계학부,8,6,0.75
경기,사립,대진대학교,학생부교과(농어촌학생전형-정원외) - 교과100%,인문사회대학,미디어커뮤니케이션학과,4,3,0.75
경기,사립,한국외국어대학교(용인),논술전형,,국제금융학과,4,3,0.75
경기,사립,한국외국어대학교(용인),논술전형,,통계학과,4,3,0.75
경기,사립,한국외국어대학교(용인),논술전형,,반도체전자공학부(전자공학전공),4,3,0.75
서울,사립,성신여자대학교,논술우수자,,영어영문학과,4,3,0.75
서울,사립,성신여자대학교,논술우수자,,경제학과,4,3,0.75
서울,사립,숙명여자대학교,[논술] 논술우수자전형,공과대학,데이터사이언스전공,4,3,0.75
서울,사립,이화여자대학교,논술(논술전형),공과대학,환경공학과,4,3,0.75
서울,사립,한국외국어대학교(서울),논술전형,,국제금융학과,4,3,0.75
서울,사립,한국외국어대학교(서울),논술전형,,통계학과,4,3,0.75
서울,사립,한국외국어대학교(서울),논술전형,,반도체전자공학부(전자공학전공),4,3,0.75
서울,사립,홍익대학교(서울),농어촌학생전형,공과대학,기계·시스템디자인공학과,4,3,0.75
세종,사립,고려대학교(세종),논술(일반전형),과학기술대학,환경시스템공학과,9,7,0.78
서울,사립,한성대학교,농어촌학생전형,IT공과대학,IT공과대학,19,15,0.79
경기,사립,차의과학대학교,학생부종합(농어촌학생특별전형),,글로벌미래인재대학,15,12,0.8
경기,사립,한신대학교,논술,자연,AI시스템반도체학,10,8,0.8
서울,사립,세종대학교,논술(논술우수자 전형),인공지능융합,양자지능정보학과,5,4,0.8
세종,사립,홍익대학교(세종),논술전형,AID융합과학기술대학,전자전기융합공학과,11,9,0.82
경기,사립,을지대학교(성남의정부),논술우수자,,자유전공학부(의정부),29,24,0.83
대전,사립,을지대학교(대전),논술우수자,,자유전공학부(의정부),29,24,0.83
경기,사립,한국외국어대학교(용인),논술전형,,AI융합대학(글로벌)[통합모집],6,5,0.83
경기,사립,한신대학교,논술,인문,한국사학,6,5,0.83
경기,사립,한신대학교,논술,인문,심리·아동학,6,5,0.83
서울,사립,숙명여자대학교,[논술] 논술우수자전형,공과대학,지능형전자시스템학부,6,5,0.83
서울,사립,이화여자대학교,논술(논술전형),자연과학대학,통계학과,6,5,0.83
서울,사립,이화여자대학교,논술(논술전형),인공지능대학,컴퓨터공학과,6,5,0.83
서울,사립,한국외국어대학교(서울),논술전형,,AI융합대학(글로벌)[통합모집],6,5,0.83
충남,사립,유원대학교(아산),농어촌학생,,간호학과,6,5,0.83
충북,사립,유원대학교(영동),농어촌학생,,간호학과,6,5,0.83
경기,사립,강남대학교,[정원내]논술위주(논술전형),인문사회계,법행정세무학부,25,21,0.84
경기,사립,강남대학교,[정원내]논술위주(논술전형),인문사회계,교육학과,7,6,0.86
서울,사립,숙명여자대학교,[논술] 논술우수자전형,공과대학,인공지능공학부,7,6,0.86
세종,사립,홍익대학교(세종),논술전형,,게임학부 게임소프트웨어전공(공학계),7,6,0.86
서울,사립,숙명여자대학교,[논술] 논술우수자전형,공과대학,화공생명공학부,8,7,0.88
세종,사립,고려대학교(세종),논술(일반전형),공공정책대학,정부행정학부,8,7,0.88
경기,사립,경희대학교(용인),국제캠퍼스 논술우수자전형,자연계열,신소재공학과,9,8,0.89
서울,사립,경희대학교(서울),국제캠퍼스 논술우수자전형,자연계열,신소재공학과,9,8,0.89
경기,사립,신한대학교(의정부/동두천),논술전형(약술형)(교과10%+논술90%),,전자공학과,10,9,0.9
경기,사립,한신대학교,논술,인문,경영학,10,9,0.9
세종,사립,홍익대학교(세종),논술전형,AID융합과학기술대학,AI기계융합공학과,10,9,0.9
충남,사립,백석대학교,정원외 모집 학생부 교과 농어촌학생 일반전형,,경상학부,10,9,0.9
서울,사립,동덕여자대학교,논술우수자전형,사회과학대학,아동학전공,11,10,0.91
충남,사립,호서대학교,- 정원외 학생부교과 농어촌학생전형,,"건축토목공학부(건축공학트랙, 토목공학트랙)",11,4,0.91
서울,사립,동덕여자대학교,논술우수자전형,인문대학,영어전공,12,11,0.92
경기,사립,한신대학교,논술,인문,자유전공학부,30,28,0.93
경기,사립,강남대학교,[정원내]논술위주(논술전형),공학계,컴퓨터공학부,15,14,0.93
세종,사립,홍익대학교(세종),논술전형,AID융합과학기술대학,소프트웨어융합학과,14,13,0.93
세종,사립,고려대학교(세종),논술(일반전형),글로벌비즈니스대학,글로벌학부,21,20,0.95
경기,사립,신한대학교(의정부/동두천),논술전형(약술형)(교과10%+논술90%),,경영대학(자율전공) - AI융합경영학과 - 글로벌무역학과 - 국제개발협력학과 - 글로벌관광경영학과,35,35,1.0
경기,사립,수원대학교,교과논술전형,지능형SW융합대학,컴퓨터공학부,32,32,1.0
서울,사립,덕성여자대학교,기회균형전형Ⅰ_농어촌학생[학생부위주(종합)],,과학기술대학,14,14,1.0
세종,사립,고려대학교(세종),논술(일반전형),과학기술대학,전자·기계융합공학과,13,13,1.0
서울,사립,건국대학교(서울),논술(KU논술우수자),이과대학,이과대학자유전공학부,11,11,1.0
경기,사립,수원대학교,교과논술전형,문화예술융합대학,아트앤엔터테인먼트학부 디지털콘텐츠,10,10,1.0
충남,사립,백석대학교,정원외 모집 학생부 교과 농어촌학생 일반전형,,외식산업학부,10,10,1.0
경기,사립,경희대학교(용인),국제캠퍼스 논술우수자전형,자연계열,산업경영공학과,8,8,1.0
서울,사립,경희대학교(서울),국제캠퍼스 논술우수자전형,자연계열,산업경영공학과,8,8,1.0
서울,사립,동덕여자대학교,논술우수자전형,사회과학대학,문헌정보학전공,8,8,1.0
경기,사립,단국대학교(죽전),[논술위주] 논술우수자 경쟁률 현황 (죽전),,화학공학과,7,7,1.0
세종,사립,고려대학교(세종),논술(일반전형),과학기술대학,미래모빌리티학과,7,7,1.0
충남,사립,단국대학교(천안),[논술위주] 논술우수자 경쟁률 현황 (죽전),,화학공학과,7,7,1.0
서울,사립,성신여자대학교,논술우수자,,간호학과(자연),6,6,1.0
서울,사립,숙명여자대학교,[논술] 논술우수자전형,공과대학,기계시스템학부,6,6,1.0
서울,사립,이화여자대학교,논술(논술전형),신산업융합대학,식품영양학과,6,6,1.0
경기,사립,경희대학교(용인),서울캠퍼스 논술우수자전형,자연계열,약과학과,5,5,1.0
경기,사립,아주대학교,논술우수자전형,,첨단스마트산업공학과,5,5,1.0
서울,사립,경희대학교(서울),서울캠퍼스 논술우수자전형,자연계열,약과학과,5,5,1.0
서울,사립,광운대학교,학생부종합【농어촌학생전형】,,컴퓨터정보공학부,5,1,1.0
서울,사립,성신여자대학교,논술우수자,,서비스디자인공학과,5,5,1.0
서울,사립,숙명여자대학교,[논술] 논술우수자전형,이과대학,수학과,5,5,1.0
대전,국립,국립한밭대학교,농어촌학생전형,,전자공학과,5,5,1.0
경기,사립,가천대학교(성남),농어촌(교과) 전형,자연계열,화공생명배터리공학부,4,4,1.0
경기,사립,강남대학교,[정원내]학생부교과(농어촌학생전형),공학계,인공지능융합공학부,4,4,1.0
경기,사립,단국대학교(죽전),[논술위주] 논술우수자 경쟁률 현황 (죽전),,인공지능학과,4,4,1.0
경기,사립,한국외국어대학교(용인),논술전형,,환경학과,4,4,1.0
경기,사립,한국외국어대학교(용인),논술전형,,화학과,4,4,1.0
서울,사립,이화여자대학교,논술(논술전형),인공지능대학,사이버보안학과,4,4,1.0
서울,사립,한국외국어대학교(서울),논술전형,,환경학과,4,4,1.0
서울,사립,한국외국어대학교(서울),논술전형,,화학과,4,4,1.0
세종,사립,홍익대학교(세종),농어촌학생전형,조형대학,디자인컨버전스학부,4,4,1.0
충남,사립,단국대학교(천안),[논술위주] 논술우수자 경쟁률 현황 (죽전),,인공지능학과,4,4,1.0
경기,사립,대진대학교,학생부교과(농어촌학생전형-정원외) - 교과100%,AI공과대학,컴퓨터공학과 [교직],3,3,1.0
경기,사립,용인대학교,정원외 농어촌학생 특별전형,체육과학대학,체육학과,3,3,1.0
서울,사립,건국대학교(서울),논술(KU논술우수자),융합생명과학대학,첨단바이오공학부,3,3,1.0
서울,국립,서울과학기술대학교,기회균형전형(농어촌학생),조형대학,조형예술학과,3,3,1.0
서울,사립,성신여자대학교,논술우수자,,프랑스어문·문화학과,3,3,1.0
서울,사립,성신여자대학교,논술우수자,,문화예술경영학과,3,3,1.0
서울,사립,숙명여자대학교,[논술] 논술우수자전형,문과대학,일본학과,3,3,1.0
충남,국립,국립공주대학교,실기/실적전형  농어촌학생전형(정원외),예술대학,게임디자인학과,3,3,1.0
경기,사립,가천대학교(성남),농어촌(교과) 전형,인문계열,미디어커뮤니케이션학과,2,2,1.0
경기,사립,가천대학교(성남),농어촌(교과) 전형,자연계열,의공학과,2,2,1.0
경기,사립,가천대학교(성남),농어촌(종합) 전형,인문계열,경제학과,2,2,1.0
경기,사립,가천대학교(성남),농어촌(종합) 전형,자연계열,건설환경공학과,2,2,1.0
경기,사립,강남대학교,[정원내]학생부교과(농어촌학생전형),공학계,전자반도체공학부,2,2,1.0
경기,사립,경희대학교(용인),서울캠퍼스 학생부종합[기회균형전형Ⅰ(국가보훈·농어촌·수급자·자립아동 등)],인문계열,사회학과,2,2,1.0
경기,사립,경희대학교(용인),국제캠퍼스 학생부종합[기회균형전형Ⅰ(국가보훈·농어촌·수급자·자립아동 등)],인문계열,스페인어학과,2,2,1.0
경기,사립,경희대학교(용인),국제캠퍼스 학생부종합[기회균형전형Ⅰ(국가보훈·농어촌·수급자·자립아동 등)],인문계열,러시아어학과,2,2,1.0
경기,사립,경희대학교(용인),국제캠퍼스 학생부종합[기회균형전형Ⅰ(국가보훈·농어촌·수급자·자립아동 등)],자연계열,식품생명공학과,2,2,1.0
경기,사립,경희대학교(용인),국제캠퍼스 학생부종합[기회균형전형Ⅰ(국가보훈·농어촌·수급자·자립아동 등)],예술계열,환경조경디자인학과,2,2,1.0
경기,사립,경희대학교(용인),국제캠퍼스 학생부종합[기회균형전형Ⅰ(국가보훈·농어촌·수급자·자립아동 등)],예술계열,디지털콘텐츠학과,2,2,1.0
경기,사립,경희대학교(용인),국제캠퍼스 논술우수자전형,인문계열,한국어학과,2,2,1.0
경기,사립,단국대학교(죽전),[학생부종합] 농어촌학생(정원외) 경쟁률 현황 (죽전),,영미인문학과,2,2,1.0
경기,사립,단국대학교(죽전),[학생부종합] 농어촌학생(정원외) 경쟁률 현황 (천안),,물리학과,2,2,1.0
경기,사립,대진대학교,학생부교과(농어촌학생전형-정원외) - 교과100%,인문사회대학,문헌정보학과 [교직],2,2,1.0
경기,사립,대진대학교,학생부교과(농어촌학생전형-정원외) - 교과100%,AI공과대학,스마트모빌리티공학과,2,2,1.0
경기,사립,대진대학교,학생부교과(농어촌학생전형-정원외) - 교과100%,예술대학,영화영상학과 [교직],2,2,1.0
경기,사립,명지대학교(용인),학생부종합(농어촌학생전형),,일어일문학전공,2,2,1.0
경기,사립,명지대학교(용인),학생부종합(농어촌학생전형),,응용통계학전공,2,2,1.0
경기,사립,명지대학교(용인),학생부종합(농어촌학생전형),,스마트모빌리티공학전공,2,2,1.0
경기,사립,명지대학교(용인),학생부종합(농어촌학생전형),,신소재공학전공,2,2,1.0
경기,사립,성결대학교,[학생부교과/실기] (정원외) 농어촌학생,글로벌경영대학,글로벌물류학과,2,2,1.0
경기,사립,용인대학교,정원외 농어촌학생 특별전형,AI바이오융합대학,AI시스템반도체학과,2,2,1.0
경기,사립,을지대학교(성남의정부),농어촌학생,,임상병리학과(성남),2,2,1.0
경기,국립,한경국립대학교,학생부교과(농어촌학생)_정원외,,AI반도체융합학과,2,2,1.0
경기,사립,협성대학교,정원외 [학생부교과]농어촌학생,이공대학,소프트웨어공학과,2,2,1.0
서울,사립,경희대학교(서울),서울캠퍼스 학생부종합[기회균형전형Ⅰ(국가보훈·농어촌·수급자·자립아동 등)],인문계열,사회학과,2,2,1.0
서울,사립,경희대학교(서울),국제캠퍼스 학생부종합[기회균형전형Ⅰ(국가보훈·농어촌·수급자·자립아동 등)],인문계열,스페인어학과,2,2,1.0
서울,사립,경희대학교(서울),국제캠퍼스 학생부종합[기회균형전형Ⅰ(국가보훈·농어촌·수급자·자립아동 등)],인문계열,러시아어학과,2,2,1.0
서울,사립,경희대학교(서울),국제캠퍼스 학생부종합[기회균형전형Ⅰ(국가보훈·농어촌·수급자·자립아동 등)],자연계열,식품생명공학과,2,2,1.0
서울,사립,경희대학교(서울),국제캠퍼스 학생부종합[기회균형전형Ⅰ(국가보훈·농어촌·수급자·자립아동 등)],예술계열,환경조경디자인학과,2,2,1.0
서울,사립,경희대학교(서울),국제캠퍼스 학생부종합[기회균형전형Ⅰ(국가보훈·농어촌·수급자·자립아동 등)],예술계열,디지털콘텐츠학과,2,2,1.0
서울,사립,경희대학교(서울),국제캠퍼스 논술우수자전형,인문계열,한국어학과,2,2,1.0
서울,사립,명지대학교(서울),학생부종합(농어촌학생전형),,일어일문학전공,2,2,1.0
서울,사립,명지대학교(서울),학생부종합(농어촌학생전형),,응용통계학전공,2,2,1.0
서울,사립,명지대학교(서울),학생부종합(농어촌학생전형),,스마트모빌리티공학전공,2,2,1.0
서울,사립,명지대학교(서울),학생부종합(농어촌학생전형),,신소재공학전공,2,2,1.0
서울,사립,삼육대학교,농어촌전형,,글로벌한국학과,2,2,1.0
서울,사립,삼육대학교,농어촌전형,,환경디자인원예학과,2,2,1.0
서울,국립,서울과학기술대학교,기회균형전형(농어촌학생),창의융합대학,지능형반도체공학과,2,2,1.0
서울,사립,서울여자대학교,학생부종합(기회균형전형_농어촌학생)[정원외],인문대학,AI융합콘텐츠전공,2,2,1.0
서울,사립,서울여자대학교,학생부종합(기회균형전형_농어촌학생)[정원외],인문대학,독일문화콘텐츠전공,2,2,1.0
서울,사립,서울여자대학교,학생부종합(기회균형전형_농어촌학생)[정원외],과학기술융합대학,식품영양학과,2,2,1.0
서울,사립,숙명여자대학교,[학생부종합] 농어촌학생전형(정원외),문과대학,한국어문학부,2,2,1.0
서울,사립,숙명여자대학교,[학생부종합] 농어촌학생전형(정원외),문과대학,역사문화학과,2,2,1.0
서울,사립,숙명여자대학교,[학생부종합] 농어촌학생전형(정원외),문과대학,프랑스언어·문화학과,2,2,1.0
서울,사립,숙명여자대학교,[학생부종합] 농어촌학생전형(정원외),생활과학대학,아동복지학부,2,2,1.0
서울,사립,숙명여자대학교,[학생부종합] 농어촌학생전형(정원외),생활과학대학,식품영양학과,2,2,1.0
대전,국립,국립한밭대학교,농어촌학생전형,,산업경영공학과,2,2,1.0
대전,국립,국립한밭대학교,농어촌학생전형,,건축공학과,2,2,1.0
대전,사립,을지대학교(대전),농어촌학생,,임상병리학과(성남),2,2,1.0
대전,국립,충남대학교,농어촌학생전형,경상대학,경제학과,2,2,1.0
대전,국립,충남대학교,농어촌학생전형,공과대학,스마트시티건축공학과,2,2,1.0
대전,국립,충남대학교,농어촌학생전형,공과대학,자율운항시스템공학과,2,2,1.0
세종,사립,홍익대학교(세종),농어촌학생전형,,게임학부 게임소프트웨어전공(공학계),2,2,1.0
충남,국립,국립공주대학교,학생부교과전형  농어촌학생전형(정원외),인문사회과학대학,관광&영어통역융복합학과,2,2,1.0
충남,국립,국립공주대학교,학생부교과전형  농어촌학생전형(정원외),자연과학대학,생명과학과,2,2,1.0
충남,국립,국립공주대학교,학생부교과전형  농어촌학생전형(정원외),자연과학대학,지질환경과학과,2,2,1.0
충남,국립,국립공주대학교,학생부교과전형  농어촌학생전형(정원외),본부,국제학부,2,2,1.0
충남,국립,국립공주대학교,학생부교과전형  농어촌학생전형(정원외),천안공과대학,소프트웨어학과,2,2,1.0
충남,사립,단국대학교(천안),[학생부종합] 농어촌학생(정원외) 경쟁률 현황 (죽전),,영미인문학과,2,2,1.0
충남,사립,단국대학교(천안),[학생부종합] 농어촌학생(정원외) 경쟁률 현황 (천안),,물리학과,2,2,1.0
충남,사립,유원대학교(아산),농어촌학생,,뷰티케어학과,2,2,1.0
충북,사립,건국대학교(글로컬),[학생부교과] 농어촌학생(정원외),인문사회융합대학,문헌정보학과,2,2,1.0
충북,사립,우석대학교(진천),학생부교과_농어촌학생(정원외),휴먼테크 융합대학,군사학과(전주),2,2,1.0
충북,사립,유원대학교(영동),농어촌학생,,뷰티케어학과,2,2,1.0
충북,국립,충북대학교,학생부종합(농어촌학생전형),사회과학대학,경제학과,2,2,1.0
충북,국립,충북대학교,학생부종합(농어촌학생전형),자연과학대학,미생물학과,2,2,1.0
충북,국립,충북대학교,학생부종합(농어촌학생전형),농업생명환경대학,식물자원학과,2,2,1.0
충북,국립,충북대학교,학생부종합(농어촌학생전형),농업생명환경대학,식물의학과,2,2,1.0
경기,사립,가천대학교(성남),농어촌(교과) 전형,자연계열,건설환경공학과,1,1,1.0
경기,사립,단국대학교(죽전),[학생부종합] 농어촌학생(정원외) 경쟁률 현황 (천안),,유럽중남미학부(프랑스학전공),1,1,1.0
경기,사립,단국대학교(죽전),[학생부종합] 농어촌학생(정원외) 경쟁률 현황 (천안),,유럽중남미학부(러시아학전공),1,1,1.0
경기,사립,단국대학교(죽전),[학생부종합] 농어촌학생(정원외) 경쟁률 현황 (천안),,유럽중남미학부(포르투갈브라질학전공),1,1,1.0
경기,사립,단국대학교(죽전),[학생부종합] 농어촌학생(정원외) 경쟁률 현황 (천안),,영어과,1,1,1.0
경기,사립,단국대학교(죽전),[학생부종합] 농어촌학생(정원외) 경쟁률 현황 (천안),,신소재공학과,1,1,1.0
경기,사립,안양대학교(안양),학생부교과(농어촌학생),,영미언어문화학과,1,1,1.0
경기,사립,용인대학교,정원외 농어촌학생 특별전형,AI바이오융합대학,식품영양학과,1,1,1.0
경기,사립,을지대학교(성남의정부),농어촌학생,,임상병리학과(의정부),1,1,1.0
경기,국립,한경국립대학교,학생부교과(농어촌학생)_정원외,,식물생명환경학과,1,1,1.0
경기,국립,한경국립대학교,학생부교과(농어촌학생)_정원외,,동물응용과학과,1,1,1.0
경기,국립,한경국립대학교,학생부교과(농어촌학생)_정원외,,응용생명공학과,1,1,1.0
경기,국립,한경국립대학교,학생부교과(농어촌학생)_정원외,,식품생명공학과,1,1,1.0
경기,국립,한경국립대학교,학생부교과(농어촌학생)_정원외,,화학공학과,1,1,1.0
경기,국립,한경국립대학교,학생부교과(농어촌학생)_정원외,,건축공학과,1,1,1.0
경기,국립,한경국립대학교,학생부교과(농어촌학생)_정원외,,스포츠과학과,1,1,1.0
경기,국립,한경국립대학교,학생부교과(농어촌학생)_정원외,,의료재활공학과,1,1,1.0
경기,사립,협성대학교,정원외 [학생부교과]농어촌학생,경영대학,세무회계학과,1,1,1.0
경기,사립,협성대학교,정원외 [학생부교과]농어촌학생,경영대학,호텔관광경영학과,1,1,1.0
경기,사립,협성대학교,정원외 [학생부교과]농어촌학생,이공대학,건축공학과,1,1,1.0
경기,사립,협성대학교,정원외 [학생부교과]농어촌학생,이공대학,의생명화학과,1,1,1.0
경기,사립,협성대학교,정원외 [학생부교과]농어촌학생,예술대학,가구디자인학과,1,1,1.0
서울,사립,광운대학교,학생부종합【농어촌학생전형】,,국어국문학과,1,1,1.0
서울,사립,광운대학교,학생부종합【농어촌학생전형】,,국제통상학부,1,1,1.0
서울,국립,서울과학기술대학교,기회균형전형(농어촌학생),정보통신대학,전자공학과,1,1,1.0
서울,국립,서울과학기술대학교,기회균형전형(농어촌학생),정보통신대학,컴퓨터공학과,1,1,1.0
서울,국립,서울과학기술대학교,기회균형전형(농어촌학생),조형대학,산업디자인학과,1,1,1.0
서울,국립,서울과학기술대학교,기회균형전형(농어촌학생),인문사회대학,행정학과,1,1,1.0
서울,사립,성공회대학교,농어촌학생(정원외),,인문융합콘텐츠학부,1,1,1.0
서울,사립,성공회대학교,농어촌학생(정원외),,미래융합학부,1,1,1.0
서울,사립,홍익대학교(서울),농어촌학생전형,건축도시대학,건축학부 실내건축학전공,1,1,1.0
서울,사립,홍익대학교(서울),농어촌학생전형,문과대학,영어영문학과,1,1,1.0
서울,사립,홍익대학교(서울),농어촌학생전형,미술대학,동양화과,1,1,1.0
서울,사립,홍익대학교(서울),농어촌학생전형,미술대학,판화과,1,1,1.0
서울,사립,홍익대학교(서울),농어촌학생전형,미술대학,금속조형디자인과,1,1,1.0
대전,국립,국립한밭대학교,농어촌학생전형,,인공지능소프트웨어학과,1,1,1.0
대전,국립,국립한밭대학교,농어촌학생전형,,지능미디어공학과,1,1,1.0
대전,사립,을지대학교(대전),농어촌학생,,임상병리학과(의정부),1,1,1.0
대전,국립,충남대학교,농어촌학생전형,인문대학,일어일문학과*,1,1,1.0
대전,국립,충남대학교,농어촌학생전형,인문대학,한문학과*,1,1,1.0
대전,국립,충남대학교,농어촌학생전형,인문대학,사학과*,1,1,1.0
대전,국립,충남대학교,농어촌학생전형,사회과학대학,문헌정보학과*,1,1,1.0
대전,국립,충남대학교,농어촌학생전형,사회과학대학,도시·자치융합학과,1,1,1.0
대전,국립,충남대학교,농어촌학생전형,사범대학,교육학과,1,1,1.0
대전,국립,충남대학교,농어촌학생전형,자연과학대학,정보통계학과,1,1,1.0
대전,국립,충남대학교,농어촌학생전형,농업생명과학대학,지역환경토목학과,1,1,1.0
대전,국립,충남대학교,농어촌학생전형,생명시스템과학대학,생명정보융합학과,1,1,1.0
충남,국립,국립공주대학교,학생부교과전형  농어촌학생전형(정원외),사범대학,교육학과,1,1,1.0
충남,국립,국립공주대학교,학생부교과전형  농어촌학생전형(정원외),사범대학,역사교육과,1,1,1.0
충남,국립,국립공주대학교,학생부교과전형  농어촌학생전형(정원외),사범대학,환경교육과,1,1,1.0
충남,국립,국립공주대학교,학생부교과전형  농어촌학생전형(정원외),인문사회과학대학,사학과,1,1,1.0
충남,국립,국립공주대학교,실기/실적전형  농어촌학생전형(정원외),예술대학,가구리빙디자인학과,1,1,1.0
충남,국립,국립공주대학교,실기/실적전형  농어촌학생전형(정원외),예술대학,도자문화융합디자인학과,1,1,1.0
충남,국립,국립공주대학교,실기/실적전형  농어촌학생전형(정원외),예술대학,주얼리·금속디자인학과,1,1,1.0
충남,사립,단국대학교(천안),[학생부종합] 농어촌학생(정원외) 경쟁률 현황 (천안),,유럽중남미학부(프랑스학전공),1,1,1.0
충남,사립,단국대학교(천안),[학생부종합] 농어촌학생(정원외) 경쟁률 현황 (천안),,유럽중남미학부(러시아학전공),1,1,1.0
충남,사립,단국대학교(천안),[학생부종합] 농어촌학생(정원외) 경쟁률 현황 (천안),,유럽중남미학부(포르투갈브라질학전공),1,1,1.0
충남,사립,단국대학교(천안),[학생부종합] 농어촌학생(정원외) 경쟁률 현황 (천안),,영어과,1,1,1.0
충남,사립,단국대학교(천안),[학생부종합] 농어촌학생(정원외) 경쟁률 현황 (천안),,신소재공학과,1,1,1.0
충남,사립,백석대학교,정원외 모집 학생부 교과 농어촌학생 일반전형,,사범학부 유아특수교육과,1,1,1.0
충북,사립,건국대학교(글로컬),[학생부교과] 농어촌학생(정원외),인문사회융합대학,영어문화학과,1,1,1.0
충북,사립,건국대학교(글로컬),[학생부교과] 농어촌학생(정원외),의료생명대학,바이오의약학과,1,1,1.0
충북,사립,우석대학교(진천),학생부교과_농어촌학생(정원외),휴먼테크 융합대학 (진천),문예창작학과(진천),1,1,1.0
충북,국립,충북대학교,학생부종합(농어촌학생전형),인문대학,러시아언어문화학과,1,1,1.0
충북,국립,충북대학교,학생부종합(농어촌학생전형),농업생명환경대학,특용식물학과,1,1,1.0
충북,국립,충북대학교,학생부종합(농어촌학생전형),사범대학,화학교육과,1,1,1.0
충북,국립,충북대학교,학생부종합(농어촌학생전형),사범대학,지구과학교육과,1,1,1.0
충북,국립,충북대학교,학생부종합(농어촌학생전형),생활과학대학,소비자학과,1,1,1.0
충북,국립,충북대학교,학생부종합(농어촌학생전형),간호대학,간호학과,1,1,1.0
충북,국립,한국교원대학교,농어촌학생 특별전형,,수학교육과,1,1,1.0
세종,사립,고려대학교(세종),논술(일반전형),과학기술대학,전자및정보공학과,21,22,1.05
세종,사립,고려대학교(세종),논술(일반전형),글로벌비즈니스대학,자유전공학부(글로벌비즈니스),15,16,1.07
세종,사립,고려대학교(세종),논술(일반전형),글로벌비즈니스대학,융합경영학부,24,26,1.08
서울,사립,동덕여자대학교,논술우수자전형,문화지식융합대학,커뮤니케이션콘텐츠전공,11,12,1.09
경기,사립,경희대학교(용인),국제캠퍼스 논술우수자전형,자연계열,화학공학과,10,11,1.1
서울,사립,경희대학교(서울),국제캠퍼스 논술우수자전형,자연계열,화학공학과,10,11,1.1
세종,사립,고려대학교(세종),논술(일반전형),과학기술대학,생명정보공학과,10,11,1.1
충남,사립,호서대학교,- 정원외 학생부교과 농어촌학생전형,,컴퓨터공학과,10,3,1.1
충북,사립,극동대학교,정원 외 학생부교과 농어촌학생전형(정원 외),,간호학과,10,11,1.1
서울,사립,동덕여자대학교,논술우수자전형,문화지식융합대학,데이터사이언스전공,9,10,1.11
경기,사립,강남대학교,[정원내]논술위주(논술전형),공학계,부동산건설학부,24,27,1.13
경기,사립,수원대학교,교과논술전형,혁신공과대학,반도체공학과,15,17,1.13
경기,사립,을지대학교(성남의정부),논술우수자,,안경광학과,8,9,1.13
서울,사립,건국대학교(서울),논술(KU논술우수자),사회과학대학,사회과학대학융합전공학부,8,9,1.13
서울,공립,서울시립대학교,논술전형,인공지능융합대학,컴퓨터과학부,8,9,1.13
대전,사립,을지대학교(대전),논술우수자,,안경광학과,8,9,1.13
서울,사립,숙명여자대학교,[논술] 논술우수자전형,사회과학대학,홍보광고학과,7,8,1.14
경기,사립,강남대학교,[정원내]논술위주(논술전형),공학계,인공지능융합공학부,19,22,1.16
서울,사립,이화여자대학교,논술(논술전형),신산업융합대학,융합콘텐츠학과,6,7,1.17
경기,사립,을지대학교(성남의정부),논술우수자,,첨단학부,11,13,1.18
서울,사립,동덕여자대학교,논술우수자전형,자연정보과학대학,정보통계학전공,11,13,1.18
서울,사립,동덕여자대학교,논술우수자전형,문화지식융합대학,HCI사이언스전공,11,13,1.18
서울,사립,동덕여자대학교,논술우수자전형,문화지식융합대학,문화예술경영전공,11,13,1.18
대전,사립,을지대학교(대전),논술우수자,,첨단학부,11,13,1.18
경기,사립,강남대학교,[정원내]논술위주(논술전형),인문사회계,상경학부,32,38,1.19
경기,사립,수원대학교,교과논술전형,지능형SW융합대학,AI데이터과학부,32,38,1.19
경기,사립,을지대학교(성남의정부),논술우수자,,인문사회계열학부,35,42,1.2
대전,사립,을지대학교(대전),논술우수자,,인문사회계열학부,35,42,1.2
세종,사립,홍익대학교(세종),논술전형,상경대학,상경학부,30,36,1.2
서울,사립,동덕여자대학교,논술우수자전형,인문대학,국어국문학전공,10,12,1.2
경기,사립,강남대학교,[정원내]학생부교과(농어촌학생전형),인문사회계,상경학부,5,6,1.2
서울,사립,성신여자대학교,논술우수자,,일본어문·문화학과,5,6,1.2
서울,사립,숙명여자대학교,[논술] 논술우수자전형,이과대학,생명시스템학부,5,6,1.2
충남,사립,백석대학교,정원외 모집 학생부 교과 농어촌학생 일반전형,,보건학부 안경광학과,5,6,1.2
경기,사립,강남대학교,[정원내]논술위주(논술전형),인문사회계,복지융합대학,28,34,1.21
세종,사립,홍익대학교(세종),논술전형,,광고홍보학부,14,17,1.21
서울,사립,동덕여자대학교,논술우수자전형,인문대학,일어일본학전공,9,11,1.22
서울,사립,동덕여자대학교,논술우수자전형,인문대학,국사학전공,8,10,1.25
서울,사립,동덕여자대학교,논술우수자전형,사회과학대학,사회복지학전공,8,10,1.25
경기,사립,가천대학교(성남),농어촌(교과) 전형,자연계열,반도체대학,4,5,1.25
경기,사립,가톨릭대학교(부천),논술전형,,바이오메디컬소프트웨어학과,4,5,1.25
경기,사립,강남대학교,[정원내]논술위주(논술전형),인문사회계,중등특수교육과,4,5,1.25
경기,사립,경희대학교(용인),국제캠퍼스 논술우수자전형,자연계열,환경학및환경공학과,4,5,1.25
경기,사립,경희대학교(용인),국제캠퍼스 논술우수자전형,자연계열,컴퓨터공학부 인공지능학과,4,5,1.25
경기,사립,경희대학교(용인),국제캠퍼스 논술우수자전형,자연계열,응용물리학과,4,5,1.25
경기,사립,단국대학교(죽전),[논술위주] 논술우수자 경쟁률 현황 (죽전),,고분자시스템공학부(융합소재공학전공),4,5,1.25
경기,사립,수원대학교,농어촌학생전형,지능형SW융합대학,컴퓨터공학부,4,5,1.25
경기,사립,한국외국어대학교(용인),논술전형,,포르투갈어과,4,5,1.25
경기,사립,한국외국어대학교(용인),논술전형,,베트남학과,4,5,1.25
경기,사립,한국외국어대학교(용인),논술전형,,튀르키예·아제르바이잔학과,4,5,1.25
서울,사립,가톨릭대학교(서울),논술전형,,바이오메디컬소프트웨어학과,4,5,1.25
서울,사립,경희대학교(서울),국제캠퍼스 논술우수자전형,자연계열,환경학및환경공학과,4,5,1.25
서울,사립,경희대학교(서울),국제캠퍼스 논술우수자전형,자연계열,컴퓨터공학부 인공지능학과,4,5,1.25
서울,사립,경희대학교(서울),국제캠퍼스 논술우수자전형,자연계열,응용물리학과,4,5,1.25
서울,사립,세종대학교,논술(논술우수자 전형),생명과학,스마트생명산업융합학과,4,5,1.25
서울,사립,한국외국어대학교(서울),논술전형,,포르투갈어과,4,5,1.25
서울,사립,한국외국어대학교(서울),논술전형,,베트남학과,4,5,1.25
서울,사립,한국외국어대학교(서울),논술전형,,튀르키예·아제르바이잔학과,4,5,1.25
충남,사립,단국대학교(천안),[논술위주] 논술우수자 경쟁률 현황 (죽전),,고분자시스템공학부(융합소재공학전공),4,5,1.25
경기,사립,가톨릭대학교(부천),학생부교과(농어촌학생전형)(정원 외),,자연공학계열,31,39,1.26
서울,사립,가톨릭대학교(서울),학생부교과(농어촌학생전형)(정원 외),,자연공학계열,31,39,1.26
경기,사립,강남대학교,[정원내]논술위주(논술전형),인문사회계,유아교육과,11,14,1.27
세종,사립,고려대학교(세종),논술(일반전형),문화스포츠대학,자유전공학부(문화스포츠),11,14,1.27
서울,사립,건국대학교(서울),논술(KU논술우수자),사회과학대학,국제무역학과,7,9,1.29
서울,사립,이화여자대학교,논술(논술전형),사회과학대학,소비자학과,7,9,1.29
경기,사립,신한대학교(의정부/동두천),논술전형(약술형)(교과10%+논술90%),,소프트웨어융합학과,10,13,1.3
경기,사립,아주대학교,논술우수자전형,,수학과,16,21,1.31
세종,사립,고려대학교(세종),논술(일반전형),문화스포츠대학,국제스포츠학부,9,12,1.33
세종,사립,홍익대학교(세종),논술전형,AID융합과학기술대학,바이오화학융합공학과,9,12,1.33
충남,사립,백석대학교,정원외 모집 학생부 교과 농어촌학생 일반전형,,경찰학부,9,12,1.33
서울,사립,이화여자대학교,논술(논술전형),공과대학,건축학과,6,8,1.33
경기,사립,가천대학교(성남),농어촌(교과) 전형,인문계열,경영학과,3,4,1.33
경기,사립,가톨릭대학교(부천),논술전형,,식품영양학과,3,4,1.33
경기,사립,가톨릭대학교(부천),논술전형,,에너지환경공학과,3,4,1.33
경기,사립,경희대학교(용인),서울캠퍼스 학생부종합[기회균형전형Ⅰ(국가보훈·농어촌·수급자·자립아동 등)],자연계열,약과학과,3,4,1.33
경기,사립,단국대학교(죽전),[논술위주] 논술우수자 경쟁률 현황 (죽전),,건축학부(건축공학전공),3,4,1.33
경기,사립,대진대학교,학생부교과(농어촌학생전형-정원외) - 교과100%,예술대학,시각디자인학과 [교직],3,4,1.33
경기,사립,명지대학교(용인),학생부종합(농어촌학생전형),,AI경영정보학과,3,4,1.33
경기,사립,수원대학교,농어촌학생전형,혁신공과대학,기계공학부,3,4,1.33
경기,사립,안양대학교(안양),학생부교과(농어촌학생),,관광경영학과(교직),3,4,1.33
경기,사립,을지대학교(성남의정부),농어촌학생,,간호학과(의정부),3,4,1.33
경기,국립,한경국립대학교,학생부교과(농어촌학생)_정원외,,생명자원과학대학,3,4,1.33
서울,사립,가톨릭대학교(서울),논술전형,,식품영양학과,3,4,1.33
서울,사립,가톨릭대학교(서울),논술전형,,에너지환경공학과,3,4,1.33
서울,사립,건국대학교(서울),논술(KU논술우수자),사회과학대학,응용통계학과,3,4,1.33
서울,사립,경희대학교(서울),서울캠퍼스 학생부종합[기회균형전형Ⅰ(국가보훈·농어촌·수급자·자립아동 등)],자연계열,약과학과,3,4,1.33
서울,사립,명지대학교(서울),학생부종합(농어촌학생전형),,AI경영정보학과,3,4,1.33
서울,국립,서울과학기술대학교,기회균형전형(농어촌학생),공과대학,기계시스템공학부(지능형로봇전공),3,4,1.33
서울,사립,성신여자대학교,논술우수자,,사학과,3,4,1.33
서울,사립,숙명여자대학교,[논술] 논술우수자전형,사회과학대학,정치외교학과,3,4,1.33
서울,사립,숙명여자대학교,[학생부종합] 농어촌학생전형(정원외),경상대학,경영학부,3,4,1.33
서울,사립,이화여자대학교,논술(논술전형),공과대학,융합전자반도체공학부 지능형반도체공학전공,3,4,1.33
대전,사립,을지대학교(대전),농어촌학생,,간호학과(의정부),3,4,1.33
충남,사립,단국대학교(천안),[논술위주] 논술우수자 경쟁률 현황 (죽전),,건축학부(건축공학전공),3,4,1.33
충남,사립,한국기술교육대학교,농어촌학생[정원외],,AI·소프트웨어전공,3,4,1.33
경기,사립,한세대학교,"농어촌학생(정원외) - 음악전공/공연예술전공 교과 20% + 실기 80%, 이외학과 교과 100%",,자유전공학부,10,3,1.4
충남,사립,백석대학교,정원외 모집 학생부 교과 농어촌학생 일반전형,,사회복지학부,10,14,1.4
서울,사립,건국대학교(서울),논술(KU논술우수자),부동산과학원,부동산학과,5,7,1.4
서울,사립,성신여자대학교,논술우수자,,소비자산업학과,5,7,1.4
대전,국립,국립한밭대학교,농어촌학생전형,,건설환경공학과,5,7,1.4
충남,사립,백석대학교,정원외 모집 학생부 교과 농어촌학생 일반전형,,보건학부 물리치료학과,5,7,1.4
서울,사립,숙명여자대학교,[논술] 논술우수자전형,영어영문학부,영어영문학전공,11,16,1.45
서울,사립,숙명여자대학교,[논술] 논술우수자전형,미디어학부,미디어학부,11,16,1.45
경기,사립,강남대학교,[정원내]논술위주(논술전형),인문사회계,글로벌문화콘텐츠대학,30,44,1.47
경기,사립,수원대학교,교과논술전형,혁신공과대학,화학공학·신소재공학부,30,44,1.47
경기,사립,한국공학대학교,논술(논술우수자),,경영학부 경영 자율전공,15,22,1.47
서울,사립,홍익대학교(서울),논술전형,공과대학,컴퓨터공학과,29,43,1.48
대전,사립,배재대학교,정원외 학생부교과 농어촌,,자율전공학부,43,3,1.49
서울,사립,건국대학교(서울),논술(KU논술우수자),융합생명과학대학,융합생명과학대학자유전공학부,14,21,1.5
서울,사립,숙명여자대학교,[논술] 논술우수자전형,문과대학,중어중문학부,12,18,1.5
경기,사립,한국외국어대학교(용인),논술전형,,영어통번역학과,10,15,1.5
서울,사립,한국외국어대학교(서울),논술전형,,영어통번역학과,10,15,1.5
경기,사립,한신대학교,논술,인문,미디어영상광고홍보학,8,12,1.5
경기,사립,단국대학교(죽전),[논술위주] 논술우수자 경쟁률 현황 (죽전),,인프라건설공학과,6,9,1.5
서울,사립,이화여자대학교,논술(논술전형),사회과학대학,사회복지학과,6,9,1.5
충남,사립,단국대학교(천안),[논술위주] 논술우수자 경쟁률 현황 (죽전),,인프라건설공학과,6,9,1.5
충남,사립,한국기술교육대학교,논술전형,,AI정보통신공학전공,6,9,1.5
충남,사립,호서대학교,- 정원외 학생부교과 농어촌학생전형,,식품공학과,6,1,1.5
경기,사립,수원대학교,농어촌학생전형,지능형SW융합대학,AI데이터과학부,4,6,1.5
경기,사립,한국외국어대학교(용인),논술전형,,이탈리아어과,4,6,1.5
경기,사립,한국외국어대학교(용인),논술전형,,네덜란드어과,4,6,1.5
경기,사립,한국외국어대학교(용인),논술전형,,인도·남아시아학과,4,6,1.5
경기,사립,한국외국어대학교(용인),논술전형,,전자물리학과,4,6,1.5
경기,사립,한국외국어대학교(용인),논술전형,,생명공학과,4,6,1.5
경기,사립,한국외국어대학교(용인),논술전형,,AI로봇공학과,4,6,1.5
서울,사립,건국대학교(서울),논술(KU논술우수자),이과대학,화학과,4,6,1.5
서울,사립,건국대학교(서울),논술(KU논술우수자),융합생명과학대학,생명과학과,4,6,1.5
서울,사립,숙명여자대학교,[논술] 논술우수자전형,문과대학,프랑스언어·문화학과,4,6,1.5
서울,사립,숙명여자대학교,[논술] 논술우수자전형,경상대학,경제학부,4,6,1.5
서울,사립,이화여자대학교,논술(논술전형),공과대학,건축도시시스템공학과,4,6,1.5
서울,사립,이화여자대학교,논술(논술전형),공과대학,기후에너지시스템공학과,4,6,1.5
서울,사립,한국외국어대학교(서울),논술전형,,이탈리아어과,4,6,1.5
서울,사립,한국외국어대학교(서울),논술전형,,네덜란드어과,4,6,1.5
서울,사립,한국외국어대학교(서울),논술전형,,인도·남아시아학과,4,6,1.5
서울,사립,한국외국어대학교(서울),논술전형,,전자물리학과,4,6,1.5
서울,사립,한국외국어대학교(서울),논술전형,,생명공학과,4,6,1.5
서울,사립,한국외국어대학교(서울),논술전형,,AI로봇공학과,4,6,1.5
서울,사립,한성대학교,농어촌학생전형,크리에이티브인문예술대학,크리에이티브인문학부(야),4,6,1.5
서울,사립,홍익대학교(서울),농어촌학생전형,법과대학,법학부,4,6,1.5
대전,사립,건양대학교(대전),농어촌학생전형,,안경광학과,4,6,1.5
대전,국립,국립한밭대학교,농어촌학생전형,,화학생명공학과,4,6,1.5
충남,사립,건양대학교(논산),농어촌학생전형,,안경광학과,4,6,1.5
충북,사립,우석대학교(진천),학생부교과_농어촌학생(정원외),보건대학,물리치료학과(전주),4,6,1.5
경기,사립,가천대학교(성남),농어촌(교과) 전형,인문계열,경제학과,2,3,1.5
경기,사립,가천대학교(성남),농어촌(교과) 전형,자연계열,건축공학과,2,3,1.5
경기,사립,가천대학교(성남),농어촌(교과) 전형,자연계열,생명과학과,2,3,1.5
경기,사립,가천대학교(성남),농어촌(교과) 전형,자연계열,반도체물리학과,2,3,1.5
경기,사립,가천대학교(성남),농어촌(종합) 전형,인문계열,사회복지학과,2,3,1.5
경기,사립,강남대학교,[정원내]학생부교과(농어촌학생전형),인문사회계,유아교육과,2,3,1.5
경기,사립,경희대학교(용인),서울캠퍼스 학생부종합[기회균형전형Ⅰ(국가보훈·농어촌·수급자·자립아동 등)],인문계열,철학과,2,3,1.5
경기,사립,경희대학교(용인),서울캠퍼스 학생부종합[기회균형전형Ⅰ(국가보훈·농어촌·수급자·자립아동 등)],자연계열,물리학과,2,3,1.5
경기,사립,경희대학교(용인),국제캠퍼스 학생부종합[기회균형전형Ⅰ(국가보훈·농어촌·수급자·자립아동 등)],인문계열,일본어학과,2,3,1.5
경기,사립,경희대학교(용인),국제캠퍼스 학생부종합[기회균형전형Ⅰ(국가보훈·농어촌·수급자·자립아동 등)],자연계열,산업경영공학과,2,3,1.5
경기,사립,경희대학교(용인),국제캠퍼스 학생부종합[기회균형전형Ⅰ(국가보훈·농어촌·수급자·자립아동 등)],자연계열,생체의공학과,2,3,1.5
경기,사립,경희대학교(용인),국제캠퍼스 학생부종합[기회균형전형Ⅰ(국가보훈·농어촌·수급자·자립아동 등)],자연계열,응용화학과,2,3,1.5
경기,사립,경희대학교(용인),국제캠퍼스 학생부종합[기회균형전형Ⅰ(국가보훈·농어촌·수급자·자립아동 등)],예술계열,도예학과,2,3,1.5
경기,사립,단국대학교(죽전),[학생부종합] 농어촌학생(정원외) 경쟁률 현황 (죽전),,도시계획ㆍ부동산학부,2,3,1.5
경기,사립,단국대학교(죽전),[학생부종합] 농어촌학생(정원외) 경쟁률 현황 (죽전),,무역학과,2,3,1.5
경기,사립,단국대학교(죽전),[학생부종합] 농어촌학생(정원외) 경쟁률 현황 (죽전),,고분자시스템공학부(고분자공학전공),2,3,1.5
경기,사립,단국대학교(죽전),[학생부종합] 농어촌학생(정원외) 경쟁률 현황 (죽전),,인프라건설공학과,2,3,1.5
경기,사립,단국대학교(죽전),[학생부종합] 농어촌학생(정원외) 경쟁률 현황 (죽전),,컴퓨터공학과,2,3,1.5
경기,사립,단국대학교(죽전),[학생부종합] 농어촌학생(정원외) 경쟁률 현황 (천안),,화학과,2,3,1.5
경기,사립,단국대학교(죽전),[학생부종합] 농어촌학생(정원외) 경쟁률 현황 (천안),,에너지공학과,2,3,1.5
경기,사립,대진대학교,학생부교과(농어촌학생전형-정원외) - 교과100%,인문사회대학,중국학과 [교직],2,3,1.5
경기,사립,대진대학교,학생부교과(농어촌학생전형-정원외) - 교과100%,인문사회대학,사회복지학과,2,3,1.5
경기,사립,대진대학교,학생부교과(농어촌학생전형-정원외) - 교과100%,AI공과대학,건축공학과 [교직],2,3,1.5
경기,사립,명지대학교(용인),학생부종합(농어촌학생전형),,인공지능전공,2,3,1.5
경기,사립,수원대학교,농어촌학생전형,혁신공과대학,바이오공학과,2,3,1.5
경기,사립,수원대학교,농어촌학생전형,라이프케어사이언스대학,의류학과,2,3,1.5
경기,사립,안양대학교(안양),학생부교과(농어촌학생),,행정학과,2,3,1.5
경기,사립,안양대학교(안양),학생부교과(농어촌학생),,화장품발명디자인학과,2,3,1.5
경기,사립,용인대학교,정원외 농어촌학생 특별전형,인문사회융합대학,중국학과,2,3,1.5
경기,사립,용인대학교,정원외 농어촌학생 특별전형,AI바이오융합대학,바이오생명공학과,2,3,1.5
서울,사립,경희대학교(서울),서울캠퍼스 학생부종합[기회균형전형Ⅰ(국가보훈·농어촌·수급자·자립아동 등)],인문계열,철학과,2,3,1.5
서울,사립,경희대학교(서울),서울캠퍼스 학생부종합[기회균형전형Ⅰ(국가보훈·농어촌·수급자·자립아동 등)],자연계열,물리학과,2,3,1.5
서울,사립,경희대학교(서울),국제캠퍼스 학생부종합[기회균형전형Ⅰ(국가보훈·농어촌·수급자·자립아동 등)],인문계열,일본어학과,2,3,1.5
서울,사립,경희대학교(서울),국제캠퍼스 학생부종합[기회균형전형Ⅰ(국가보훈·농어촌·수급자·자립아동 등)],자연계열,산업경영공학과,2,3,1.5
서울,사립,경희대학교(서울),국제캠퍼스 학생부종합[기회균형전형Ⅰ(국가보훈·농어촌·수급자·자립아동 등)],자연계열,생체의공학과,2,3,1.5
서울,사립,경희대학교(서울),국제캠퍼스 학생부종합[기회균형전형Ⅰ(국가보훈·농어촌·수급자·자립아동 등)],자연계열,응용화학과,2,3,1.5
서울,사립,경희대학교(서울),국제캠퍼스 학생부종합[기회균형전형Ⅰ(국가보훈·농어촌·수급자·자립아동 등)],예술계열,도예학과,2,3,1.5
서울,사립,광운대학교,학생부종합【농어촌학생전형】,,법학부,2,3,1.5
서울,사립,명지대학교(서울),학생부종합(농어촌학생전형),,인공지능전공,2,3,1.5
서울,사립,삼육대학교,농어촌전형,,체육학과(男),2,1,1.5
서울,사립,삼육대학교,농어촌전형,,컴퓨터공학부,2,3,1.5
서울,국립,서울과학기술대학교,기회균형전형(농어촌학생),공과대학,기계시스템공학부(미래자동차전공),2,3,1.5
서울,국립,서울과학기술대학교,기회균형전형(농어촌학생),공과대학,안전공학과,2,3,1.5
서울,국립,서울과학기술대학교,기회균형전형(농어촌학생),기술경영융합대학,경영학과(글로벌테크노경영전공)_인문,2,3,1.5
서울,사립,서울여자대학교,학생부종합(기회균형전형_농어촌학생)[정원외],사회과학대학,경제학과,2,3,1.5
서울,사립,서울여자대학교,학생부종합(기회균형전형_농어촌학생)[정원외],과학기술융합대학,식품생명공학과,2,3,1.5
서울,사립,서울여자대학교,학생부종합(기회균형전형_농어촌학생)[정원외],미래산업융합대학,데이터사이언스전공,2,3,1.5
서울,사립,숙명여자대학교,[학생부종합] 농어촌학생전형(정원외),문과대학,문화관광학전공,2,3,1.5
서울,사립,숙명여자대학교,[학생부종합] 농어촌학생전형(정원외),사회과학대학,소비자경제학과,2,3,1.5
서울,사립,숙명여자대학교,[학생부종합] 농어촌학생전형(정원외),이과대학,화학과,2,3,1.5
서울,사립,홍익대학교(서울),농어촌학생전형,공과대학,산업·데이터공학과,2,3,1.5
대전,사립,건양대학교(대전),농어촌학생전형,,의공학과,2,3,1.5
대전,사립,건양대학교(대전),농어촌학생전형,,제약생명공학과,2,3,1.5
대전,사립,건양대학교(대전),농어촌학생전형,,유아교육과 [사범],2,3,1.5
대전,국립,국립한밭대학교,농어촌학생전형,,회계세무학과,2,3,1.5
대전,국립,충남대학교,농어촌학생전형,농업생명과학대학,농업경제학과,2,3,1.5
대전,국립,충남대학교,농어촌학생전형,공과대학,에너지공학과,2,3,1.5
대전,국립,충남대학교,농어촌학생전형,농업생명과학대학,생물환경화학과,2,3,1.5
세종,사립,홍익대학교(세종),농어촌학생전형,조형대학,영상·애니메이션학부,2,3,1.5
충남,사립,건양대학교(논산),농어촌학생전형,,의공학과,2,3,1.5
충남,사립,건양대학교(논산),농어촌학생전형,,제약생명공학과,2,3,1.5
충남,사립,건양대학교(논산),농어촌학생전형,,유아교육과 [사범],2,3,1.5
충남,국립,국립공주대학교,학생부교과전형  농어촌학생전형(정원외),인문사회과학대학,중어중문학과,2,3,1.5
충남,국립,국립공주대학교,학생부교과전형  농어촌학생전형(정원외),자연과학대학,화학과,2,3,1.5
충남,국립,국립공주대학교,학생부교과전형  농어촌학생전형(정원외),자연과학대학,대기과학과,2,3,1.5
충남,국립,국립공주대학교,학생부교과전형  농어촌학생전형(정원외),천안공과대학,건축학과(5년제),2,3,1.5
충남,사립,단국대학교(천안),[학생부종합] 농어촌학생(정원외) 경쟁률 현황 (죽전),,도시계획ㆍ부동산학부,2,3,1.5
충남,사립,단국대학교(천안),[학생부종합] 농어촌학생(정원외) 경쟁률 현황 (죽전),,무역학과,2,3,1.5
충남,사립,단국대학교(천안),[학생부종합] 농어촌학생(정원외) 경쟁률 현황 (죽전),,고분자시스템공학부(고분자공학전공),2,3,1.5
충남,사립,단국대학교(천안),[학생부종합] 농어촌학생(정원외) 경쟁률 현황 (죽전),,인프라건설공학과,2,3,1.5
충남,사립,단국대학교(천안),[학생부종합] 농어촌학생(정원외) 경쟁률 현황 (죽전),,컴퓨터공학과,2,3,1.5
충남,사립,단국대학교(천안),[학생부종합] 농어촌학생(정원외) 경쟁률 현황 (천안),,화학과,2,3,1.5
충남,사립,단국대학교(천안),[학생부종합] 농어촌학생(정원외) 경쟁률 현황 (천안),,에너지공학과,2,3,1.5
충남,사립,호서대학교,- 정원외 학생부교과 농어촌학생전형,,한국언어문화학과,2,1,1.5
충남,사립,호서대학교,- 정원외 학생부교과 농어촌학생전형,,유아교육과,2,3,1.5
충북,사립,건국대학교(글로컬),[학생부교과] 농어촌학생(정원외),인문사회융합대학,경제통상학과,2,3,1.5
충북,사립,건국대학교(글로컬),[학생부교과] 농어촌학생(정원외),인문사회융합대학,신문방송학과,2,3,1.5
충북,사립,건국대학교(글로컬),[학생부교과] 농어촌학생(정원외),과학기술대학,메카트로닉스공학과,2,3,1.5
충북,사립,건국대학교(글로컬),[학생부교과] 농어촌학생(정원외),과학기술대학,바이오메디컬공학과,2,3,1.5
충북,국립,충북대학교,학생부종합(농어촌학생전형),공과대학,신소재공학과,2,3,1.5
충북,국립,충북대학교,학생부종합(농어촌학생전형),공과대학,환경공학과,2,3,1.5
충북,국립,충북대학교,학생부종합(농어촌학생전형),공과대학,공업화학과,2,3,1.5
충북,국립,충북대학교,학생부종합(농어촌학생전형),창의융합대학,바이오헬스학부,2,3,1.5
충북,국립,한국교원대학교,농어촌학생 특별전형,,국어교육과,2,3,1.5
서울,사립,세종대학교,논술(논술우수자 전형),인공지능융합,지능정보융합학과,17,26,1.53
경기,사립,을지대학교(성남의정부),논술우수자,,의료경영학과,11,17,1.55
대전,사립,을지대학교(대전),논술우수자,,의료경영학과,11,17,1.55
서울,사립,동덕여자대학교,논술우수자전형,자연정보과학대학,컴퓨터학전공,18,28,1.56
서울,사립,광운대학교,논술【논술우수자전형】,,전자통신공학과,9,14,1.56
서울,사립,삼육대학교,논술우수자전형,,환경디자인원예학과,15,24,1.6
경기,사립,한신대학교,논술,인문,사회복지학,5,8,1.6
서울,공립,서울시립대학교,논술전형,공과대학,토목공학과,5,8,1.6
서울,사립,성신여자대학교,논술우수자,,사회복지학과,5,8,1.6
대전,사립,건양대학교(대전),농어촌학생전형,,임상병리학과,5,8,1.6
충남,사립,건양대학교(논산),농어촌학생전형,,임상병리학과,5,8,1.6
경기,사립,가천대학교(성남),논술 전형,자연계열,스마트팩토리학과,18,29,1.61
경기,사립,을지대학교(성남의정부),논술우수자,,자연계열학부,35,57,1.63
대전,사립,을지대학교(대전),논술우수자,,자연계열학부,35,57,1.63
경기,사립,수원대학교,교과논술전형,혁신공과대학,건설환경에너지공학부,30,49,1.63
경기,사립,아주대학교,논술우수자전형,,첨단에코에너지공학과,8,13,1.63
경기,사립,한국외국어대학교(용인),논술전형,,중국외교통상학부,8,13,1.63
서울,사립,한국외국어대학교(서울),논술전형,,중국외교통상학부,8,13,1.63
충남,사립,한국기술교육대학교,논술전형,,데이터경영전공,8,13,1.63
충남,사립,한국기술교육대학교,논술전형,,사회융합자율전공,8,13,1.63
경기,사립,수원대학교,교과논술전형,혁신공과대학,건축학과,14,23,1.64
경기,사립,아주대학교,논술우수자전형,,미래모빌리티공학과,14,23,1.64
경기,사립,신한대학교(의정부/동두천),논술전형(약술형)(교과10%+논술90%),,사회과학대학(자율전공) - 토지행정학과 - 경찰행정학과 - 행정학과 - 사회복지학과 - 상담심리학과,40,66,1.65
경기,사립,강남대학교,[정원내]논술위주(논술전형),공학계,전자반도체공학부,21,35,1.67
경기,사립,가천대학교(성남),논술 전형,자연계열,스마트시티학과,18,30,1.67
서울,사립,숙명여자대학교,[논술] 논술우수자전형,문과대학,한국어문학부,12,20,1.67
경기,사립,한국외국어대학교(용인),논술전형,,융합일본지역학부,6,10,1.67
서울,국립,서울과학기술대학교,기회균형전형(농어촌학생),공과대학,기계공학과,6,10,1.67
서울,사립,성신여자대학교,논술우수자,,경영학과,6,10,1.67
서울,사립,한국외국어대학교(서울),논술전형,,융합일본지역학부,6,10,1.67
서울,사립,한성대학교,농어촌학생전형,미래융합사회과학대학,미래융합사회과학대학(야),6,10,1.67
경기,사립,가천대학교(성남),농어촌(교과) 전형,자연계열,인공지능학과,3,5,1.67
경기,사립,강남대학교,[정원내]학생부교과(농어촌학생전형),인문사회계,법행정세무학부,3,5,1.67
경기,사립,경희대학교(용인),서울캠퍼스 학생부종합[기회균형전형Ⅰ(국가보훈·농어촌·수급자·자립아동 등)],자연계열,화학과,3,5,1.67
경기,사립,을지대학교(성남의정부),농어촌학생,,물리치료학과,3,5,1.67
서울,사립,경희대학교(서울),서울캠퍼스 학생부종합[기회균형전형Ⅰ(국가보훈·농어촌·수급자·자립아동 등)],자연계열,화학과,3,5,1.67
서울,사립,서울여자대학교,학생부종합(기회균형전형_농어촌학생)[정원외],미래산업융합대학,지능정보보호학부,3,5,1.67
서울,사립,숙명여자대학교,[학생부종합] 농어촌학생전형(정원외),문과대학,중어중문학부,3,5,1.67
대전,사립,을지대학교(대전),농어촌학생,,물리치료학과,3,5,1.67
충남,사립,백석대학교,정원외 모집 학생부 교과 농어촌학생 일반전형,,사범학부 유아교육과,3,5,1.67
경기,사립,경희대학교(용인),국제캠퍼스 논술우수자전형,자연계열,건축학과(5년제),7,12,1.71
경기,사립,한국외국어대학교(용인),논술전형,,노어과,7,12,1.71
서울,사립,건국대학교(서울),논술(KU논술우수자),공과대학,사회환경공학부,7,12,1.71
서울,사립,경희대학교(서울),국제캠퍼스 논술우수자전형,자연계열,건축학과(5년제),7,12,1.71
서울,사립,이화여자대학교,논술(논술전형),인문과학대학,기독교학과,7,12,1.71
서울,사립,한국외국어대학교(서울),논술전형,,노어과,7,12,1.71
경기,사립,경희대학교(용인),국제캠퍼스 논술우수자전형,자연계열,원자력공학과,8,14,1.75
경기,사립,아주대학교,논술우수자전형,,첨단신소재공학과,8,14,1.75
경기,사립,한국외국어대학교(용인),논술전형,,행정학과,8,14,1.75
서울,사립,경희대학교(서울),국제캠퍼스 논술우수자전형,자연계열,원자력공학과,8,14,1.75
서울,사립,광운대학교,논술【논술우수자전형】,,정보융합학부,8,14,1.75
서울,사립,한국외국어대학교(서울),논술전형,,행정학과,8,14,1.75
경기,사립,경희대학교(용인),서울캠퍼스 논술우수자전형,인문계열,사회학과,4,7,1.75
경기,사립,경희대학교(용인),서울캠퍼스 논술우수자전형,자연계열,지리학과(자연),4,7,1.75
경기,사립,경희대학교(용인),국제캠퍼스 논술우수자전형,자연계열,우주과학과,4,7,1.75
경기,사립,단국대학교(죽전),[학생부종합] 농어촌학생(정원외) 경쟁률 현황 (죽전),,경영학부,4,7,1.75
경기,사립,단국대학교(죽전),[논술위주] 논술우수자 경쟁률 현황 (죽전),,융합반도체공학과,4,7,1.75
서울,사립,경희대학교(서울),서울캠퍼스 논술우수자전형,인문계열,사회학과,4,7,1.75
서울,사립,경희대학교(서울),서울캠퍼스 논술우수자전형,자연계열,지리학과(자연),4,7,1.75
서울,사립,경희대학교(서울),국제캠퍼스 논술우수자전형,자연계열,우주과학과,4,7,1.75
서울,사립,성신여자대학교,논술우수자,,지리학과,4,7,1.75
충남,사립,단국대학교(천안),[학생부종합] 농어촌학생(정원외) 경쟁률 현황 (죽전),,경영학부,4,7,1.75
충남,사립,단국대학교(천안),[논술위주] 논술우수자 경쟁률 현황 (죽전),,융합반도체공학과,4,7,1.75
충북,사립,우석대학교(진천),학생부교과_농어촌학생(정원외),약학대학,한약학과(전주),4,7,1.75
경기,사립,신한대학교(의정부/동두천),농어촌전형(교과100%),,간호학과*,9,16,1.78
서울,사립,홍익대학교(서울),논술전형,공과대학,산업·데이터공학과,14,25,1.79
경기,사립,아주대학교,논술우수자전형,,AI컴퓨터공학부,10,18,1.8
서울,사립,동덕여자대학교,논술우수자전형,자연정보과학대학,식품영양학전공,10,18,1.8
서울,사립,한성대학교,농어촌학생전형,미래융합사회과학대학,미래융합사회과학대학,10,18,1.8
경기,사립,가톨릭대학교(부천),논술전형,,바이오메디컬화학공학과,5,9,1.8
경기,사립,가톨릭대학교(부천),논술전형,,의생명과학과,5,9,1.8
경기,사립,강남대학교,[정원내]학생부교과(농어촌학생전형),인문사회계,복지융합대학,5,9,1.8
서울,사립,가톨릭대학교(서울),논술전형,,바이오메디컬화학공학과,5,9,1.8
서울,사립,가톨릭대학교(서울),논술전형,,의생명과학과,5,9,1.8
서울,사립,건국대학교(서울),논술(KU논술우수자),공과대학,컴퓨터공학과,5,9,1.8
서울,사립,이화여자대학교,논술(논술전형),인문과학대학,독어독문학과,5,9,1.8
서울,사립,이화여자대학교,논술(논술전형),신산업융합대학,국제사무학과,5,9,1.8
서울,사립,이화여자대학교,논술(논술전형),자연과학대학,수학과,5,9,1.8
충남,사립,백석대학교,정원외 모집 학생부 교과 농어촌학생 일반전형,,보건학부 응급구조학과,5,9,1.8
서울,사립,삼육대학교,논술우수자전형,,영어영문학과,12,22,1.83
세종,사립,홍익대학교(세종),논술전형,AID융합과학기술대학,건축공학부,12,22,1.83
경기,사립,경희대학교(용인),서울캠퍼스 논술우수자전형,자연계열,화학과,6,11,1.83
경기,사립,경희대학교(용인),서울캠퍼스 논술우수자전형,자연계열,한약학과,6,11,1.83
서울,사립,경희대학교(서울),서울캠퍼스 논술우수자전형,자연계열,화학과,6,11,1.83
서울,사립,경희대학교(서울),서울캠퍼스 논술우수자전형,자연계열,한약학과,6,11,1.83
서울,사립,이화여자대학교,논술(논술전형),사회과학대학,행정학과,6,11,1.83
세종,사립,홍익대학교(세종),논술전형,,세종캠퍼스자율전공(자연·예능),31,57,1.84
서울,사립,건국대학교(서울),논술(KU논술우수자),공과대학,생물공학과,7,13,1.86
세종,사립,고려대학교(세종),논술(일반전형),약학대학,첨단융합신약학과,7,13,1.86
세종,사립,고려대학교(세종),논술(일반전형),문화스포츠대학,문화창의학부,7,13,1.86
서울,사립,광운대학교,논술【논술우수자전형】,,전자융합공학과,8,15,1.88
서울,사립,광운대학교,논술【논술우수자전형】,,로봇학부 AI로봇전공,8,15,1.88
서울,사립,삼육대학교,논술우수자전형,,글로벌한국학과,8,15,1.88
서울,사립,홍익대학교(서울),논술전형,건축도시대학,도시공학과,9,17,1.89
서울,사립,덕성여자대학교,기회균형전형Ⅰ_농어촌학생[학생부위주(종합)],,미래인재대학(자유전공학부),13,25,1.92
경기,사립,수원대학교,교과논술전형,혁신공과대학,전기전자공학부,50,97,1.94
